City_ID,City,Lat,Lng,Max Temp,Humidity,Cloudiness,Wind Speed,Country,Date
0,adamstown,-25.066,-130.1015,71.37,79,50,9.22,PN,1715192778
1,port-aux-francais,-49.35,70.2167,40.73,74,87,15.79,TF,1715192778
2,blackmans bay,-43.0167,147.3167,50.74,96,100,3.98,AU,1715192779
3,margate,51.3813,1.3862,58.87,77,53,4.36,GB,1715192310
4,labuan,5.2767,115.2417,79.16,100,20,0.0,MY,1715192779
5,sur,22.5667,59.5289,92.73,41,16,5.41,OM,1715192779
6,sidney,-33.8679,151.2073,60.1,93,75,6.91,AU,1715192674
7,grosseto,42.8333,11.25,67.15,82,40,4.61,IT,1715192779
8,metlili chaamba,32.2667,3.6333,77.94,14,0,12.66,DZ,1715192779
9,ilulissat,69.2167,-51.1,26.62,74,75,11.5,GL,1715192709
10,invercargill,-46.4,168.35,32.02,95,39,1.99,NZ,1715192779
11,chui,-33.6971,-53.4616,63.88,91,100,14.65,UY,1715192779
12,isafjordur,66.0755,-23.124,35.78,73,56,9.42,IS,1715192780
13,olonkinbyen,70.9221,-8.7187,29.43,99,100,18.16,SJ,1715192780
14,ribeira grande,38.5167,-28.7,66.78,72,40,17.27,PT,1715192780
15,yellowknife,62.456,-114.3525,55.42,63,20,9.22,CA,1715192208
16,luderitz,-26.6481,15.1594,63.79,68,0,19.53,NA,1715192780
17,afaahiti,-17.75,-149.2833,82.27,83,91,14.83,PF,1715192780
18,kaa-khem,51.6833,94.7333,55.4,55,84,12.77,RU,1715192535
19,yanchep,-31.55,115.6833,69.93,34,94,14.83,AU,1715192781
20,strezhevoy,60.7333,77.5889,33.96,87,45,8.01,RU,1715192781
21,mammoth lakes,37.6485,-118.9721,45.25,34,0,6.91,US,1715192631
22,papatowai,-46.5619,169.4708,37.65,85,39,5.93,NZ,1715192781
23,axim,4.8699,-2.2405,83.62,77,78,6.22,GH,1715192781
24,svatove,49.4103,38.1503,45.82,56,5,5.86,UA,1715192781
25,grytviken,-54.2811,-36.5092,26.53,69,23,6.89,GS,1715192781
26,hawaiian paradise park,19.5933,-154.9731,76.03,86,100,3.44,US,1715192781
27,usogorsk,63.4106,48.6872,31.66,50,100,14.79,RU,1715192781
28,at taraf,25.3628,49.725,82.94,26,60,18.14,SA,1715192782
29,grand gaube,-20.0064,57.6608,77.4,85,98,8.01,MU,1715192782
30,aripuana,-9.1667,-60.6333,93.49,48,81,2.19,BR,1715192782
31,varadero,23.1536,-81.2514,92.16,69,0,21.14,CU,1715192782
32,bredasdorp,-34.5322,20.0403,56.34,80,35,2.08,ZA,1715192782
33,talnakh,69.4865,88.3972,12.2,80,86,3.83,RU,1715192782
34,nizhnesortymskiy,62.4397,71.7603,30.27,99,100,7.99,RU,1715192782
35,sola,-13.8833,167.55,79.32,69,100,15.97,VU,1715192783
36,lompoc,34.6391,-120.4579,78.69,58,0,5.75,US,1715192783
37,chibougamau,49.9168,-74.3659,49.62,50,100,11.5,CA,1715192783
38,sattahip,12.6664,100.9007,86.99,89,20,2.3,TH,1715192783
39,puerto lempira,15.2667,-83.7667,95.14,55,40,9.22,HN,1715192783
40,north platte,41.1239,-100.7654,64.11,32,0,20.71,US,1715192301
41,tolanaro,-25.0319,46.9987,75.27,78,40,11.5,MG,1715192783
42,coquimbo,-29.9533,-71.3436,64.13,63,0,11.5,CL,1715192783
43,darwin,-12.4611,130.8418,75.18,88,31,3.44,AU,1715192502
44,melfort,52.8667,-104.6177,60.93,44,3,11.5,CA,1715192783
45,maua,-23.6678,-46.4614,87.6,47,44,12.53,BR,1715192521
46,jamestown,42.097,-79.2353,76.51,43,40,27.63,US,1715192500
47,bilibino,68.0546,166.4372,21.4,92,94,3.18,RU,1715192784
48,vershino-darasunskiy,52.35,115.5167,38.17,40,13,2.35,RU,1715192784
49,newman,37.3138,-121.0208,71.04,35,1,21.99,US,1715192784
50,puerto natales,-51.7236,-72.4875,32.45,100,100,4.61,CL,1715192784
51,jendouba,36.5011,8.7802,60.82,72,40,6.91,TN,1715192784
52,edinburgh of the seven seas,-37.0676,-12.3116,57.49,66,65,22.59,SH,1715192784
53,utrik,11.2278,169.8474,80.38,77,100,22.06,MH,1715192784
54,presque isle,46.6811,-68.0159,60.98,39,95,5.82,US,1715192785
55,pechora,65.1472,57.2244,34.86,91,100,10.0,RU,1715192785
56,petropavlovsk-kamchatsky,53.0452,158.6483,33.46,78,75,8.01,RU,1715192785
57,bayanhongor,46.7167,100.1167,45.14,71,100,4.27,MN,1715192785
58,thompson,55.7435,-97.8558,50.16,53,40,6.91,CA,1715192785
59,lihue,21.9789,-159.3672,76.24,77,100,10.36,US,1715192785
60,smara,26.7384,-11.6719,100.54,7,99,7.34,EH,1715192785
61,longyearbyen,78.2186,15.6401,33.64,64,20,8.05,SJ,1715192785
62,nova sintra,14.8667,-24.7167,75.43,72,3,14.72,CV,1715192785
63,bagan,54.1001,77.6646,53.04,47,32,6.58,RU,1715192785
64,sabirabad,40.0095,48.4752,53.76,81,94,1.9,AZ,1715192786
65,bethel,41.3712,-73.414,82.85,63,40,8.05,US,1715192786
66,alice springs,-23.7,133.8833,51.35,71,0,6.91,AU,1715192786
67,albany,42.6001,-73.9662,78.75,70,70,1.01,US,1715192499
68,tulagi,-9.0996,160.1476,82.36,78,69,15.01,SB,1715192786
69,tura,25.5198,90.2201,69.67,64,13,3.2,IN,1715192786
70,tazovsky,67.4667,78.7,7.47,98,32,7.29,RU,1715192786
71,guerrero negro,27.9769,-114.0611,66.02,61,7,17.34,MX,1715192786
72,tadine,-21.55,167.8833,69.04,67,0,13.6,NC,1715192786
73,zaporizhia,47.8167,35.1833,51.44,43,93,6.64,UA,1715192786
74,atafu village,-8.5421,-172.5159,85.23,75,81,12.91,TK,1715192787
75,flying fish cove,-10.4217,105.6791,78.48,94,100,9.22,CX,1715192787
76,xiaoshi,41.2971,124.1209,52.18,77,59,5.23,CN,1715192787
77,whitehorse,60.7161,-135.0538,46.02,56,75,18.41,CA,1715192552
78,dhidhdhoo,6.8833,73.1,86.18,73,100,10.63,MV,1715192787
79,constantia,44.1833,28.65,54.7,87,92,15.23,RO,1715192488
80,mount isa,-20.7333,139.5,73.17,68,72,8.05,AU,1715192787
81,west island,-12.1568,96.8225,80.58,78,40,11.5,CC,1715192787
82,hithadhoo,-0.6,73.0833,83.28,78,100,12.3,MV,1715192787
83,montefiascone,42.5393,12.0362,56.12,92,40,3.44,IT,1715192788
84,lishui,28.4604,119.9103,61.14,92,100,2.24,CN,1715192788
85,lazaro cardenas,17.9583,-102.2,82.81,60,100,8.08,MX,1715192788
86,prince albert,53.2001,-105.7677,62.55,48,20,5.75,CA,1715192788
87,paratinga,-12.6906,-43.1842,94.73,29,4,3.89,BR,1715192788
88,cockburn town,21.4612,-71.1419,77.86,73,25,15.41,TC,1715192788
89,vadso,70.0744,29.7487,32.88,80,40,8.05,NO,1715192788
90,chegdomyn,51.1167,133.0167,42.37,90,100,13.82,RU,1715192788
91,de aar,-30.6497,24.0123,69.35,30,6,5.21,ZA,1715192788
92,ushiku,35.9667,140.1333,53.83,86,100,10.16,JP,1715192788
93,iqaluit,63.7506,-68.5145,29.93,74,75,17.27,CA,1715192560
94,alofi,-19.0595,-169.9187,82.29,89,75,10.36,NU,1715192789
95,elko,41.0002,-115.5012,43.16,50,84,14.0,US,1715192789
96,simdega,22.6167,84.5167,72.46,70,61,8.63,IN,1715192789
97,iskateley,67.6803,53.1512,23.02,88,99,15.99,RU,1715192789
98,tabou,4.423,-7.3528,82.76,79,86,6.4,CI,1715192789
99,las palmas,28.4204,-14.0131,68.79,83,0,17.27,ES,1715192789
100,yemetsk,63.4721,41.7941,26.58,76,100,10.13,RU,1715192789
101,ponta delgada,37.7333,-25.6667,65.19,88,40,17.27,PT,1715192790
102,steinkjer,64.193,11.3851,41.94,56,100,1.92,NO,1715192790
103,taoudenni,22.6783,-3.9836,101.86,4,96,4.85,ML,1715192790
104,celestun,20.8667,-90.4,94.55,51,62,8.28,MX,1715192790
105,margaret river,-33.95,115.0667,63.95,48,100,11.45,AU,1715192790
106,lagunas,-5.2269,-75.6753,86.34,77,82,3.13,PE,1715192790
107,saurimo,-9.6608,20.3916,74.03,64,88,5.39,AO,1715192790
108,port mathurin,-19.6833,63.4167,78.22,66,77,27.47,MU,1715192790
109,altai,46.3722,96.2583,46.83,63,68,6.69,MN,1715192790
110,qaqortoq,60.7167,-46.0333,36.79,60,100,3.56,GL,1715192790
111,tiksi,71.6872,128.8694,14.61,95,48,7.87,RU,1715192791
112,tieli,46.95,128.05,48.61,67,89,10.76,CN,1715192791
113,east london,-33.0153,27.9116,67.14,94,100,2.3,ZA,1715192791
114,fort bragg,35.139,-79.006,90.82,57,40,9.22,US,1715192360
115,yuzhno-kurilsk,44.0306,145.8556,37.38,95,93,13.31,RU,1715192791
116,enewetak,11.3474,162.3373,81.39,73,78,20.22,MH,1715192791
117,torbat-e jam,35.244,60.6225,78.37,41,96,14.63,IR,1715192791
118,vilyuysk,63.7553,121.6247,30.99,97,100,8.01,RU,1715192791
119,monticello,45.3055,-93.7941,72.91,43,0,11.5,US,1715192500
120,jwaneng,-24.6004,24.7303,69.58,30,0,9.33,BW,1715192791
121,markovo,57.3206,107.0881,43.61,69,100,3.8,RU,1715192792
122,cabo san lucas,22.8909,-109.9124,88.9,36,20,10.36,MX,1715192628
123,abepura,-2.6333,140.5833,76.01,100,20,1.14,ID,1715192792
124,polyarnyy,69.1989,33.4478,27.77,79,100,5.12,RU,1715192792
125,puerto cabezas,14.0351,-83.3888,89.56,74,75,9.22,NI,1715192792
126,college,64.8569,-147.8028,50.09,78,75,3.44,US,1715192792
127,hirara,24.8,125.2833,71.46,64,20,18.41,JP,1715192792
128,winnemucca,40.973,-117.7357,44.08,39,47,9.8,US,1715192792
129,tekman,39.6436,41.5078,42.71,71,53,4.65,TR,1715192792
130,juan aldama,24.2908,-103.3944,85.59,11,100,18.59,MX,1715192793
131,katsuura,35.1333,140.3,57.34,87,100,21.92,JP,1715192793
132,mandiana,10.6333,-8.6833,81.41,65,85,9.62,GN,1715192793
133,egilsstadir,65.2653,-14.3948,48.11,43,40,9.22,IS,1715192793
134,kingston,17.997,-76.7936,85.15,71,37,4.72,JM,1715192461
135,selfoss,63.9331,-20.9971,46.04,52,17,13.96,IS,1715192793
136,wailua homesteads,22.0669,-159.378,75.63,82,100,10.36,US,1715192793
137,hobyo,5.3505,48.5268,85.12,77,16,9.73,SO,1715192793
138,anadyr,64.75,177.4833,18.1,67,0,8.95,RU,1715192682
139,nouadhibou,20.931,-17.0347,67.98,83,20,20.71,MR,1715192793
140,sao joao da barra,-21.6403,-41.0511,87.89,84,6,11.14,BR,1715192794
141,ta`u,-14.2336,-169.5144,84.0,78,36,11.3,AS,1715192794
142,nemuro,43.3236,145.575,36.99,84,27,7.38,JP,1715192794
143,moranbah,-22.0016,148.0466,61.95,89,93,14.34,AU,1715192794
144,east ballina,-28.8667,153.5833,61.81,73,90,7.83,AU,1715192794
145,lebu,-37.6167,-73.65,54.28,60,9,7.81,CL,1715192794
146,puerto ayora,-0.7393,-90.3518,80.56,95,100,3.0,EC,1715192794
147,valparaiso,-33.0393,-71.6273,68.14,43,0,14.97,CL,1715192794
148,san antonio de pale,-1.4014,5.6325,80.74,89,78,9.17,GQ,1715192794
149,san pedro de ycuamandiyu,-24.0917,-57.0764,97.52,33,39,7.72,PY,1715192794
150,centerville,39.6284,-84.1594,83.39,43,0,4.61,US,1715192795
151,zinjibar,13.1287,45.3807,87.08,69,80,4.38,YE,1715192795
152,simanggang,1.2472,111.4528,76.98,100,100,2.3,MY,1715192795
153,lerwick,60.1545,-1.1494,48.2,97,100,13.87,GB,1715192795
154,happy valley-goose bay,53.3168,-60.3315,39.51,56,75,13.8,CA,1715192795
155,la sarre,48.8002,-79.1996,53.38,43,100,11.34,CA,1715192795
156,drabiv,49.963,32.1529,47.07,61,4,3.94,UA,1715192795
157,puerto baquerizo moreno,-0.9,-89.6,83.39,65,40,19.57,EC,1715192795
158,solleftea,63.1667,17.2667,40.86,79,98,4.52,SE,1715192795
159,kondopoga,62.2057,34.2614,31.69,64,100,8.68,RU,1715192762
160,ghanzi,-21.5667,21.7833,74.25,33,2,9.08,BW,1715192796
161,garzon,2.1959,-75.6278,73.15,98,100,2.26,CO,1715192796
162,smithers,54.7804,-127.1743,50.32,53,75,9.22,CA,1715192796
163,bikenibeu village,1.3673,173.1241,82.36,83,40,8.05,KI,1715192796
164,krasnozerskoye,53.9828,79.2374,52.18,50,41,4.23,RU,1715192796
165,zhongshu,24.5167,103.7667,59.34,97,100,1.54,CN,1715192796
166,batyrevo,55.0675,47.6111,35.13,84,47,9.71,RU,1715192796
167,christchurch,-43.5333,172.6333,40.53,89,75,5.75,NZ,1715192659
168,bandarbeyla,9.4942,50.8122,84.13,80,0,12.37,SO,1715192796
169,kantemirovka,49.7089,39.8592,44.49,55,5,7.0,RU,1715192796
170,klyuchi,52.2667,79.1667,56.88,47,33,5.75,RU,1715192797
171,ushuaia,-54.8,-68.3,38.82,81,20,1.14,AR,1715192402
172,nanping,26.645,118.1736,64.71,92,100,4.0,CN,1715192508
173,stephenville,32.2207,-98.2023,91.87,46,0,10.36,US,1715192473
174,haiku-pauwela,20.9219,-156.3051,77.22,74,20,3.44,US,1715192797
175,walvis bay,-22.9575,14.5053,63.55,77,8,4.61,NA,1715192797
176,miyazu,35.5333,135.1833,48.31,73,98,7.14,JP,1715192797
177,chernogorsk,53.8236,91.2842,54.97,47,0,8.95,RU,1715192797
178,puerto real,36.5282,-6.1901,77.16,33,0,23.02,ES,1715192797
179,hermanus,-34.4187,19.2345,58.84,79,2,1.54,ZA,1715192797
180,fountain hills,33.6117,-111.7174,84.52,18,0,9.22,US,1715192798
181,roswell,34.0232,-84.3616,83.98,76,100,8.05,US,1715192574
182,port alfred,-33.5906,26.891,66.18,91,99,1.99,ZA,1715192798
183,susangerd,31.5608,48.1831,78.82,24,0,10.42,IR,1715192798
184,wotho,10.1657,166.0102,81.09,79,100,21.41,MH,1715192798
185,pirane,-25.7324,-59.1088,80.08,81,100,11.83,AR,1715192798
186,tarija,-21.5355,-64.7296,82.31,36,75,17.27,BO,1715192589
187,stanley,54.868,-1.6985,59.77,71,20,10.36,GB,1715192798
188,olyokminsk,60.3736,120.4264,31.71,86,57,6.26,RU,1715192799
189,udachny,66.4167,112.4,19.45,89,78,7.31,RU,1715192659
190,goz beida,13.95,20.55,94.51,11,80,11.32,TD,1715192799
191,port elizabeth,-33.918,25.5701,64.09,87,75,9.22,ZA,1715192799
192,keflavik,64.0049,-22.5624,44.51,65,75,10.36,IS,1715192799
193,ha'il,27.5219,41.6907,77.02,19,0,11.5,SA,1715192799
194,addis ababa,9.025,38.7469,65.28,68,75,13.8,ET,1715192799
195,nova vicosa,-17.8919,-39.3719,83.71,66,20,8.72,BR,1715192799
196,island harbour,50.724,-1.2758,61.2,76,55,1.99,GB,1715192799
197,brisas de zicatela,15.8369,-97.0419,86.52,66,75,11.5,MX,1715192799
198,laojunmiao,39.8333,97.7333,58.41,24,100,15.59,CN,1715192800
199,carnarvon,-24.8667,113.6333,71.15,55,60,1.16,AU,1715192800
200,saint-philippe,-21.3585,55.7679,74.79,76,76,16.42,RE,1715192800
201,hilo,19.7297,-155.09,76.62,79,100,3.44,US,1715192800
202,midvagur,62.0511,-7.1939,49.03,100,100,12.66,FO,1715192800
203,prince rupert,54.3161,-130.3201,50.09,90,75,17.27,CA,1715192800
204,cill airne,52.05,-9.5167,61.12,65,87,5.01,IE,1715192800
205,bac lieu,9.285,105.7244,85.3,73,72,13.11,VN,1715192800
206,bel ombre,-4.6167,55.4167,80.44,89,20,3.44,SC,1715192800
207,acajutla,13.5928,-89.8275,88.16,66,96,7.29,SV,1715192801
208,uturoa,-16.7333,-151.4333,81.48,78,20,15.39,PF,1715192801
209,kodiak,57.79,-152.4072,38.71,65,0,9.22,US,1715192801
210,baise city,23.8997,106.6133,75.34,99,100,2.15,CN,1715192801
211,emporia,38.4039,-96.1817,77.52,43,0,12.66,US,1715192533
212,vilyuchinsk,52.9306,158.4028,34.93,83,98,7.45,RU,1715192801
213,khandyga,62.6667,135.6,33.6,96,100,3.87,RU,1715192801
214,caldas novas,-17.7417,-48.625,87.17,29,0,6.33,BR,1715192801
215,payson,40.0444,-111.7321,49.91,45,51,7.0,US,1715192801
216,georgetown,5.4112,100.3354,84.13,80,20,3.44,MY,1715192396
217,cobourg,50.2667,10.9667,57.38,74,95,3.78,DE,1715192508
218,punta arenas,-53.15,-70.9167,37.51,93,75,3.44,CL,1715192802
219,sinabang,2.4803,96.3801,80.55,85,51,4.14,ID,1715192802
220,north bend,43.4065,-124.2243,60.93,67,0,18.41,US,1715192802
221,ust-nera,64.5667,143.2,34.11,84,99,1.07,RU,1715192802
222,ataq,14.5377,46.8319,80.17,58,43,11.72,YE,1715192802
223,kununurra,-15.7667,128.7333,66.18,77,0,3.44,AU,1715192802
224,bamboo flat,11.7,92.7167,82.49,89,20,2.3,IN,1715192802
225,saipan,15.1355,145.701,83.1,78,40,13.8,MP,1715192803
226,yashkul',46.1711,45.3435,55.89,55,84,11.14,RU,1715192803
227,mount gambier,-37.8333,140.7667,46.8,93,11,3.06,AU,1715192803
228,novouzensk,50.4592,48.1431,48.74,43,19,14.94,RU,1715192803
229,port douglas,-16.4833,145.4667,75.76,82,95,15.97,AU,1715192803
230,kwang binh,17.4833,106.6,76.77,87,32,2.93,VN,1715192803
231,bayanaul,50.7889,75.6956,54.14,50,9,7.49,KZ,1715192803
232,lodja,-3.4833,23.4333,75.18,87,95,0.36,CD,1715192803
233,nago,26.5881,127.9761,68.85,67,38,12.26,JP,1715192803
234,aasiaat,68.7098,-52.8699,25.2,69,64,10.6,GL,1715192804
235,diapaga,12.0708,1.7889,100.99,23,68,8.28,BF,1715192804
236,meiktila,20.8667,95.8667,86.68,45,99,6.08,MM,1715192804
237,maardu,59.4767,25.025,39.2,50,0,4.61,EE,1715192804
238,chonchi,-42.6128,-73.8092,49.21,86,100,7.99,CL,1715192804
239,ondangwa,-17.9167,15.95,84.2,37,82,2.3,NA,1715192804
240,port lincoln,-34.7333,135.8667,60.04,79,86,12.39,AU,1715192804
241,doctor juan leon mallorquin,-25.4,-55.2667,89.33,33,17,8.34,PY,1715192804
242,ilhabela,-23.7781,-45.3581,84.52,58,23,6.06,BR,1715192326
243,san jose de jachal,-30.2406,-68.7469,50.88,50,64,3.94,AR,1715192804
244,portland,45.5234,-122.6762,59.95,66,20,4.61,US,1715192016
245,archangelos,36.2149,28.1149,67.98,82,32,3.44,GR,1715192805
246,mogadishu,2.0371,45.3438,82.56,82,79,14.63,SO,1715192805
247,bhuj,23.2667,69.6667,83.32,65,0,17.0,IN,1715192805
248,crookston,47.7741,-96.6081,66.31,45,40,8.05,US,1715192805
249,okahao,-17.885,15.0667,82.62,38,71,2.48,NA,1715192805
250,kismayo,-0.3582,42.5454,80.06,87,84,18.9,SO,1715192805
251,oranjemund,-28.55,16.4333,59.38,82,0,12.12,NA,1715192805
252,bihac,44.8169,15.8708,57.67,99,100,5.99,BA,1715192805
253,naze,28.3667,129.4833,63.52,70,23,19.22,JP,1715192805
254,ruteng,-8.6136,120.4721,59.95,93,54,1.68,ID,1715192806
255,keelung,25.1283,121.7419,72.95,53,85,10.94,TW,1715192806
256,torit,4.4133,32.5678,79.52,61,100,5.03,SS,1715192806
257,tir pul,34.5943,61.269,82.58,35,81,7.94,AF,1715192806
258,taihecun,45.8,130.85,60.73,32,86,10.02,CN,1715192806
259,thurgoona,-36.0451,146.9919,56.66,100,65,3.0,AU,1715192806
260,la'ie,21.6477,-157.9253,78.76,70,12,5.99,US,1715192702
261,itumba,-9.4,33.1833,60.49,97,73,4.97,TZ,1715192806
262,hailar,49.2,119.7,45.95,26,0,4.92,CN,1715192807
263,poronaysk,49.2167,143.1167,31.08,80,12,4.05,RU,1715192807
264,tome acu,-2.4189,-48.1522,89.91,58,70,4.36,BR,1715192807
265,bousso,10.4795,16.7117,99.9,13,54,6.33,TD,1715192807
266,heber springs,35.4915,-92.0313,80.92,80,100,12.39,US,1715192807
267,mirriah,13.7073,9.1501,106.41,7,0,6.91,NE,1715192807
268,kapa'a,22.0752,-159.319,76.98,82,100,10.36,US,1715192611
269,miasskoye,55.2784,61.8905,60.89,49,100,21.65,RU,1715192535
270,mutoko,-17.397,32.2268,62.08,45,0,6.04,ZW,1715192808
271,kaohsiung,22.6163,120.3133,81.03,81,75,6.91,TW,1715192808
272,kapuskasing,49.4169,-82.4331,46.49,61,75,14.97,CA,1715192685
273,kamaishi,39.2667,141.8833,44.73,85,100,3.06,JP,1715192808
274,hotan,37.0997,79.9269,74.25,16,0,4.27,CN,1715192808
275,bad gandersheim,51.8667,10.0333,61.34,53,19,3.56,DE,1715192808
276,shipunovo,52.1582,82.2173,56.52,54,2,1.34,RU,1715192808
277,arkhangel'sk,64.5401,40.5433,28.13,68,100,11.18,RU,1715192652
278,el granada,37.5027,-122.4694,75.09,41,0,17.27,US,1715192809
279,santana,-0.0583,-51.1817,86.18,79,40,6.91,BR,1715192556
280,puerto aysen,-45.4,-72.7,42.01,100,100,2.73,CL,1715192802
281,freetown,8.484,-13.2299,85.71,74,75,13.8,SL,1715192809
282,arraial do cabo,-22.9661,-42.0278,85.96,69,0,23.02,BR,1715192809
283,monahans,31.5943,-102.8926,90.28,10,0,16.96,US,1715192809
284,pacifica,37.6138,-122.4869,74.88,39,6,1.99,US,1715192726
285,mahina,-17.5065,-149.489,83.97,70,20,2.3,PF,1715192809
286,khilok,51.3674,110.4676,40.05,43,36,4.83,RU,1715192810
287,lycksele,64.5954,18.6735,37.27,65,75,3.44,SE,1715192683
288,geraldton,-28.7667,114.6,73.81,28,100,16.11,AU,1715192578
289,tofol,5.3248,163.0078,82.83,83,95,18.95,FM,1715192810
290,caribou,46.8606,-68.012,61.47,38,0,6.91,US,1715192735
291,grande prairie,55.1667,-118.8027,55.58,26,75,12.66,CA,1715192655
292,avarua,-21.2078,-159.775,82.45,89,75,9.22,CK,1715192810
293,grants pass,42.439,-123.3284,58.8,51,0,1.01,US,1715192051
294,susuman,62.7833,148.1667,29.98,83,87,3.0,RU,1715192810
295,kas,36.2018,29.6377,63.54,72,23,1.9,TR,1715192810
296,castillos,-34.1667,-53.8333,63.32,87,97,15.32,UY,1715192810
297,ghat,24.9647,10.1728,93.25,8,6,11.3,LY,1715192811
298,prineville,44.2999,-120.8345,55.11,52,0,5.75,US,1715192811
299,slawno,54.3628,16.6789,47.55,69,69,6.6,PL,1715192811
300,rio grande,-32.035,-52.0986,71.71,84,99,21.81,BR,1715192811
301,mata-utu,-13.2816,-176.1745,84.65,79,83,10.4,WF,1715192811
302,az zuwaytinah,30.9522,20.1202,78.67,30,12,18.54,LY,1715192811
303,kudahuvadhoo,2.6708,72.8944,84.58,74,100,13.8,MV,1715192811
304,shevchenko,48.5,35.0,52.74,46,54,3.38,UA,1715192811
305,pisco,-13.7,-76.2167,71.02,83,75,11.5,PE,1715192497
306,tangzhai,34.4328,116.5911,59.52,54,91,8.12,CN,1715192812
307,engel's,51.5,46.1167,50.13,8,7,3.0,RU,1715192812
308,vorgashor,67.5833,63.95,14.81,93,41,6.82,RU,1715192812
309,badger,64.8,-147.5333,50.0,69,75,3.44,US,1715192812
310,pemba,-12.974,40.5178,83.1,74,40,12.66,MZ,1715192812
311,armacao de buzios,-22.7469,-41.8817,89.65,79,0,23.02,BR,1715192812
312,bodaybo,57.8506,114.1933,31.77,95,94,2.55,RU,1715192813
313,isangel,-19.55,169.2667,72.27,65,8,14.5,VU,1715192567
314,karonga,-9.9333,33.9333,73.54,79,51,9.53,MW,1715192813
315,sungailiat,-1.85,106.1333,78.62,89,99,3.44,ID,1715192813
316,malvan,16.0667,73.4667,82.71,77,0,11.18,IN,1715192813
317,gongzhuling,43.5008,124.8198,61.05,36,97,20.4,CN,1715192813
318,broken hill,-31.95,141.4333,56.37,70,21,9.82,AU,1715192813
319,port saint john's,-31.6229,29.5448,71.94,75,49,4.16,ZA,1715192813
320,magnolia,33.2671,-93.2393,80.29,83,100,8.01,US,1715192552
321,dom pedro,-4.4833,-44.45,92.23,45,100,5.08,BR,1715192814
322,gadzhiyevo,69.2551,33.3362,28.71,79,100,5.7,RU,1715192814
323,gargalianoi,37.0667,21.6333,63.36,77,100,5.3,GR,1715192814
324,zhangjiakou,40.81,114.8794,65.52,32,64,3.8,CN,1715192814
325,sirte,31.2089,16.5887,69.73,64,0,11.25,LY,1715192814
326,namibe,-15.1961,12.1522,74.41,68,2,11.03,AO,1715192814
327,alesund,62.4723,6.1549,50.9,77,75,11.5,NO,1715192814
328,boende,-0.2167,20.8667,77.54,84,75,1.34,CD,1715192814
329,touros,-5.1989,-35.4608,85.05,70,68,12.97,BR,1715192815
330,choix,26.7092,-108.3219,95.23,10,0,8.32,MX,1715192815
331,kavaratti,10.5669,72.642,87.28,67,100,9.78,IN,1715192815
332,hanceville,34.0607,-86.7675,84.11,86,98,8.48,US,1715192815
333,santa ana de yacuma,-13.75,-65.4333,89.55,66,75,9.22,BO,1715192815
334,srivaikuntam,8.6167,77.9333,87.39,64,100,0.36,IN,1715192815
335,san pablo,14.0669,121.3258,83.79,94,21,2.71,PH,1715192575
336,howard springs,-12.497,131.047,75.11,97,36,1.97,AU,1715192815
337,maloye ganyushkino,46.6,49.2667,61.93,58,100,16.62,KZ,1715192815
338,ribadeo,43.5325,-7.0991,58.69,77,63,3.83,ES,1715192816
339,barra,-11.0894,-43.1417,87.44,49,32,14.83,BR,1715192816
340,coronel dorrego,-38.7187,-61.2873,52.93,43,27,25.14,AR,1715192816
341,kerikeri,-35.2268,173.9474,50.92,83,4,8.01,NZ,1715192816
342,ouddorp,51.8117,3.9347,57.97,77,52,13.62,NL,1715192816
343,kenai,60.5544,-151.2583,44.69,65,100,11.5,US,1715192816
344,murray bridge,-35.1167,139.2667,52.34,82,6,3.83,AU,1715192816
345,remire-montjoly,4.9167,-52.2667,84.24,79,0,5.75,GF,1715192816
346,inarajan village,13.2736,144.7484,82.54,91,100,12.57,GU,1715192817
347,la ronge,55.1001,-105.2842,59.22,44,0,5.75,CA,1715192817
348,howrah,22.5892,88.3103,80.6,83,40,5.75,IN,1715192817
349,xaltianguis,17.0667,-99.8333,76.51,37,32,7.38,MX,1715192817
350,borogontsy,62.6683,131.1683,31.75,92,100,5.57,RU,1715192817
351,manado,1.487,124.8455,77.77,100,20,1.14,ID,1715192743
352,bardai,11.65,7.2333,95.65,13,76,6.87,NG,1715192817
353,konarka,19.9,86.1167,77.4,84,1,5.48,IN,1715192817
354,mashhad,36.297,59.6062,71.74,68,40,9.22,IR,1715192705
355,makarska,43.2969,17.0178,66.4,76,99,8.55,HR,1715192817
356,sitka,57.0531,-135.33,46.29,87,100,13.8,US,1715192520
357,muynoq,43.7683,59.0214,63.09,53,1,20.51,UZ,1715192818
358,tostedt,53.2833,9.7167,60.82,55,8,7.49,DE,1715192818
359,santa marta,11.2408,-74.199,90.9,69,40,6.91,CO,1715192532
360,carahue,-38.7,-73.1667,54.36,57,39,1.74,CL,1715192818
361,lobujya,27.95,86.8167,19.35,89,97,0.51,NP,1715192818
362,magadan,59.5667,150.8,31.53,92,91,4.85,RU,1715192818
363,cidreira,-30.1811,-50.2056,78.57,72,83,12.57,BR,1715192819
364,dakhla,23.6848,-15.958,68.02,83,82,19.57,EH,1715192819
365,torghay,49.6339,63.4981,67.08,45,100,14.97,KZ,1715192819
366,kailua-kona,19.6406,-155.9956,78.76,76,40,11.5,US,1715192757
367,zhaotong,27.3167,103.7167,55.74,89,100,3.42,CN,1715192567
368,yreka,41.7354,-122.6345,58.48,42,0,6.91,US,1715192819
369,waiuku,-37.25,174.75,48.67,78,0,3.76,NZ,1715192665
370,benguela,-12.5763,13.4055,79.47,76,11,4.83,AO,1715192819
371,khash,28.2211,61.2158,79.9,19,0,7.0,IR,1715192819
372,n'zeto,-7.2312,12.8666,77.59,91,99,7.63,AO,1715192820
373,prado,-17.3411,-39.2208,82.18,68,1,8.55,BR,1715192820
374,fale old settlement,-9.3852,-171.2468,85.14,76,96,12.44,TK,1715192820
375,chingola,-12.529,27.8838,65.73,54,90,6.64,ZM,1715192820
376,baikonur,45.6167,63.3167,67.3,55,30,5.79,KZ,1715192820
377,ulanhot,46.0833,122.0833,52.36,36,75,5.99,CN,1715192820
378,maughold,54.2988,-4.3184,52.83,83,100,7.25,IM,1715192820
379,tambuwal,12.4039,4.6469,101.3,22,92,7.92,NG,1715192820
380,gibong,11.8634,122.0394,79.12,81,6,9.28,PH,1715192821
381,inebolu,41.9747,33.7608,60.28,61,11,3.49,TR,1715192821
382,hamilton,39.1834,-84.5333,85.08,52,0,4.61,US,1715192463
383,al bardiyah,31.7561,25.0865,65.43,67,75,13.87,LY,1715192821
384,ouesso,1.6136,16.0517,79.79,67,63,0.38,CG,1715192821
385,zuni pueblo,35.0725,-108.8506,56.03,17,0,18.03,US,1715192821
386,labytnangi,66.6572,66.4183,27.37,83,100,10.92,RU,1715192821
387,jilib,0.4883,42.7854,77.38,91,81,9.06,SO,1715192821
388,kamyshevatskaya,46.4132,37.9563,55.44,51,61,2.71,RU,1715192821
389,saldanha,-33.0117,17.9442,55.45,79,0,13.09,ZA,1715192822
390,shingu,33.7333,135.9833,48.9,77,58,6.71,JP,1715192822
391,puerto colombia,10.9878,-74.9547,91.49,67,100,6.89,CO,1715192822
392,pangody,65.85,74.4859,8.51,99,24,5.28,RU,1715192822
393,antsiranana,-12.2787,49.2917,76.98,76,90,20.67,MG,1715192822
394,princes town,10.2667,-61.3833,91.36,67,100,10.89,TT,1715192822
395,arta,39.1606,20.9853,65.84,91,100,4.18,GR,1715192822
396,syktyvkar,61.6764,50.8099,28.13,100,75,21.99,RU,1715192822
397,cody,44.5263,-109.0565,39.92,91,100,6.91,US,1715192822
398,al kharijah,25.4514,30.5464,79.36,10,15,8.55,EG,1715192823
399,dunedin,-45.8742,170.5036,36.81,92,39,1.01,NZ,1715192823
400,izegem,50.92,3.2086,56.08,81,92,8.75,BE,1715192823
401,macaubas,-13.0194,-42.6986,89.37,30,7,5.77,BR,1715192823
402,kruisfontein,-34.0033,24.7314,61.88,83,82,2.53,ZA,1715192823
403,cabedelo,-6.9811,-34.8339,86.67,75,81,11.5,BR,1715192823
404,hammerfest,70.6634,23.6821,37.85,48,0,12.66,NO,1715192823
405,wenchang,30.904,118.4887,57.42,78,78,4.94,CN,1715192479
406,itapirapua,-15.8233,-50.6133,91.56,32,1,6.6,BR,1715192823
407,kristiansund,63.1115,7.732,50.05,66,75,3.44,NO,1715192823
408,svitlovods'k,49.0489,33.2411,50.76,55,44,5.41,UA,1715192824
409,sisimiut,66.9395,-53.6735,29.64,73,60,4.5,GL,1715192824
410,brookings,44.3114,-96.7984,66.54,55,0,18.41,US,1715192586
411,callao,-12.0667,-77.15,68.29,83,40,9.22,PE,1715192824
412,karatuzskoye,53.6072,92.8667,53.38,69,98,5.99,RU,1715192535
413,igarka,67.4667,86.5833,31.01,99,100,13.0,RU,1715192824
414,codrington,-38.2667,141.9667,48.96,87,13,5.35,AU,1715192824
415,ola,59.5833,151.2833,32.14,92,99,1.88,RU,1715192824
416,pulwama,33.874,74.8996,59.99,51,1,2.8,IN,1715192824
417,saskatoon,52.1168,-106.6345,60.78,55,20,10.36,CA,1715192824
418,vernon,50.2581,-119.2691,65.3,25,73,5.75,CA,1715192164
419,saquarema,-22.92,-42.5103,86.14,63,1,13.47,BR,1715192825
420,san juan de miraflores,-12.1629,-76.9635,66.72,78,41,6.24,PE,1715192825
421,nicoya,10.1483,-85.452,89.11,58,100,5.06,CR,1715192825
422,colonia,50.9333,6.95,62.96,67,0,9.22,DE,1715192808
423,la passe,45.5549,-0.8967,70.03,75,76,10.31,FR,1715192825
424,barakani,-12.1356,44.4317,80.42,78,30,7.2,KM,1715192825
425,floro,61.5996,5.0328,52.23,76,75,13.8,NO,1715192825
426,old town,50.087,14.4202,60.15,55,0,5.75,CZ,1715192773
427,gongchangling,41.1167,123.45,54.5,58,64,4.72,CN,1715192826
428,nuuk,64.1835,-51.7216,38.01,60,75,10.36,GL,1715192826
429,chemolgan,43.1897,76.5292,60.46,52,76,3.89,KZ,1715192826
430,new norfolk,-42.7826,147.0587,51.93,99,100,1.07,AU,1715192826
431,betio village,1.358,172.9211,82.44,74,82,11.63,KI,1715192826
432,vozhega,60.4725,40.2213,27.91,57,59,8.9,RU,1715192826
433,zouerate,22.7187,-12.4521,104.61,6,91,10.69,MR,1715192826
434,paphos,34.7667,32.4167,67.78,73,3,6.91,CY,1715192826
435,zaragoza,41.6561,-0.8773,74.01,32,0,16.11,ES,1715192827
436,oak grove,45.4168,-122.6401,60.13,65,20,4.0,US,1715192827
437,palikir - national government center,6.9248,158.1611,81.34,89,100,3.44,FM,1715192827
438,newnham,-41.3833,147.1333,49.66,100,100,4.61,AU,1715192827
439,buta,2.7858,24.73,85.14,47,85,1.97,CD,1715192827
440,beira,-19.8436,34.8389,75.29,83,20,5.75,MZ,1715192827
441,peterhead,57.5058,-1.7981,63.0,84,100,5.68,GB,1715192827
442,fairfield glade,36.0004,-84.8863,68.4,94,75,3.44,US,1715192827
443,las vegas,36.175,-115.1372,66.88,15,0,19.57,US,1715192828
444,mustafabad,30.8922,73.4989,91.04,12,0,5.23,PK,1715192828
445,nykvarn,59.8,18.3,37.38,99,100,4.47,SE,1715192828
446,ketchikan,55.3422,-131.6461,50.34,87,100,12.66,US,1715192828
447,kone,-21.0595,164.8658,62.83,92,0,4.05,NC,1715192828
448,camana,-16.6228,-72.7111,67.19,84,67,11.88,PE,1715192828
449,kiunga,-6.1219,141.2906,73.99,100,100,2.33,PG,1715192828
450,datong,40.0936,113.2914,64.58,31,39,4.65,CN,1715192828
451,ancud,-41.8697,-73.8203,50.23,82,100,17.05,CL,1715192828
452,kargil,34.5667,76.1,37.8,46,8,5.97,IN,1715192829
453,port blair,11.6667,92.75,82.44,89,20,2.3,IN,1715192829
454,bella vista,36.4295,-94.2316,82.98,71,100,18.41,US,1715192829
455,venice,27.0998,-82.4543,93.11,82,0,13.8,US,1715192549
456,hazaribagh,23.9833,85.35,71.49,69,78,5.46,IN,1715192829
457,usinsk,65.9939,57.5281,31.06,89,100,5.99,RU,1715192659
458,recani,31.2846,-4.2688,91.58,8,22,8.1,MA,1715192829
459,paracuru,-3.41,-39.0306,88.11,74,90,9.86,BR,1715192829
460,caxito,-8.5785,13.6643,76.84,91,94,4.29,AO,1715192829
461,dilling,12.05,29.65,90.66,12,1,10.18,SD,1715192695
462,bestobe,52.4994,73.0975,57.72,48,65,14.18,KZ,1715192830
463,glendive,47.1053,-104.7125,51.76,81,100,18.41,US,1715192830
464,mil'kovo,55.6078,37.7956,34.43,93,99,16.42,RU,1715192830
465,siasi,5.5462,120.8145,81.91,72,66,0.76,PH,1715192830
466,bathsheba,13.2167,-59.5167,88.41,70,40,17.27,BB,1715192830
467,bogande,12.9714,-0.1436,103.26,18,93,4.63,BF,1715192830
468,grand falls-windsor,48.9332,-55.6649,49.5,74,100,8.37,CA,1715192720
469,nagqu,31.5,92.0,35.73,54,91,11.1,CN,1715192830
470,tromso,69.6496,18.957,42.82,45,0,11.5,NO,1715192830
471,porbandar,21.6422,69.6093,81.9,84,0,12.08,IN,1715192831
472,sao joaquim,-28.2939,-49.9317,71.58,70,27,11.77,BR,1715192831
473,praia da vitoria,38.7333,-27.0667,68.76,68,20,12.17,PT,1715192831
474,antonio enes,-16.2325,39.9086,78.13,73,1,8.99,MZ,1715192831
475,simplicio mendes,-7.8539,-41.9103,90.46,38,91,9.48,BR,1715192831
476,sinop,41.7711,34.8709,53.69,73,7,3.71,TR,1715192831
477,zhengjiatun,43.5064,123.5064,63.16,32,95,18.92,CN,1715192831
478,taroa,8.7058,171.2275,81.72,84,100,19.6,MH,1715192831
479,palmer,42.1584,-72.3287,75.06,94,100,0.0,US,1715192831
480,wlodawa,51.55,23.55,50.72,61,81,5.59,PL,1715192814
481,"laikit, laikit ii (dimembe)",1.4792,124.9735,74.25,100,20,1.14,ID,1715192832
482,tokar,18.4254,37.729,80.92,59,0,8.95,SD,1715192832
483,abadeh,31.1608,52.6506,57.49,26,16,21.79,IR,1715192832
484,tongging,2.8969,98.5262,64.42,92,100,0.78,ID,1715192832
485,mermoz boabab,14.7065,-17.4758,84.76,83,0,9.22,SN,1715192832
486,aykhal,66.0,111.5,19.27,97,99,6.6,RU,1715192832
487,rio preto da eva,-2.6994,-59.6997,92.57,50,91,4.25,BR,1715192832
488,yass,-34.8333,148.9167,52.03,94,94,1.01,AU,1715192832
489,robore,-18.3333,-59.75,95.09,49,40,20.71,BO,1715192832
490,coahuayana de hidalgo,18.7,-103.6583,85.73,54,94,7.99,MX,1715192833
491,quesnel,52.9999,-122.5029,48.7,46,100,2.3,CA,1715192833
492,balikpapan,-1.2675,116.8289,78.21,90,100,2.08,ID,1715192833
493,paradip garh,20.3167,86.6167,84.15,73,15,6.06,IN,1715192833
494,luena,-11.7833,19.9167,70.34,64,98,0.89,AO,1715192833
495,khairpur,27.5295,68.7617,93.2,12,0,10.98,PK,1715192833
496,saint-joseph,-21.3667,55.6167,73.78,74,47,16.2,RE,1715192739
497,khovd,48.0056,91.6419,54.61,49,100,3.58,MN,1715192833
498,al artawiyah,26.5053,45.3444,80.2,20,2,12.77,SA,1715192833
499,kikwit,-5.041,18.8162,84.33,43,84,3.09,CD,1715192833
500,greymouth,-42.4667,171.2,41.7,65,6,13.18,NZ,1715192834
501,bida,9.0833,6.0167,93.83,39,23,1.79,NG,1715192834
502,malmberget,67.1753,20.6549,36.16,38,75,8.05,SE,1715192834
503,waimea,20.0231,-155.6717,75.0,100,52,2.35,US,1715192834
504,arteche,12.2645,125.4048,78.28,87,86,2.57,PH,1715192834
505,zhangjiakou shi xuanhua qu,40.6103,115.0447,67.8,36,59,3.89,CN,1715192834
506,taulaga,-11.0553,-171.0883,85.14,74,100,13.65,AS,1715192834
507,lima,-12.0432,-77.0282,66.45,83,40,9.22,PE,1715192481
508,dinteloord,51.635,4.3694,59.11,80,93,1.01,NL,1715192731
509,page,36.9147,-111.4558,55.69,22,0,4.61,US,1715192647
510,al khawr,25.7667,51.3167,82.27,54,3,16.17,QA,1715192835
511,conception bay south,47.4999,-52.9981,43.05,91,100,11.05,CA,1715192835
512,liaoyuan,42.9036,125.1358,59.77,37,92,16.11,CN,1715192835
513,sterling,39.0062,-77.4286,87.12,48,75,10.36,US,1715192666
514,minas de marcona,-15.2119,-75.1103,66.18,65,60,19.33,PE,1715192835
515,manicore,-5.8092,-61.3003,93.88,47,87,3.58,BR,1715192835
516,ljusdal,61.8288,16.0913,37.24,89,100,3.53,SE,1715192835
517,sosnovo-ozerskoye,52.5249,111.5418,39.83,35,77,4.45,RU,1715192835
518,orvieto,42.7195,12.1116,62.82,95,100,5.75,IT,1715192835
519,pimentel,-6.8367,-79.9342,75.49,64,0,17.27,PE,1715192836
520,touba,8.2833,-7.6833,84.65,62,99,2.77,CI,1715192836
521,tindouf,27.6711,-8.1474,102.65,5,0,13.8,DZ,1715192836
522,katsuren-haebaru,26.3369,127.8719,68.77,63,20,17.27,JP,1715192836
523,kamina,-8.7386,24.9906,74.16,63,83,5.1,CD,1715192836
524,xishan,27.6667,113.5,68.16,73,100,4.36,CN,1715192836
525,crane,31.3974,-102.3501,86.45,10,0,17.22,US,1715192718
526,hawkinge,51.1128,1.1618,58.48,75,59,8.01,GB,1715192836
527,sarangani,5.4033,125.4636,83.73,75,8,14.65,PH,1715192836
528,wanxian,30.8039,108.3897,73.83,68,100,2.24,CN,1715192837
529,tamiahua,21.2667,-97.45,100.18,43,66,10.45,MX,1715192837
530,kalmunai,7.4167,81.8167,81.7,82,98,6.08,LK,1715192837
531,luganville,-15.5333,167.1667,74.98,81,93,9.01,VU,1715192837
532,kyrenia,35.3417,33.3167,69.35,68,7,3.71,CY,1715192837
533,karratha,-20.7377,116.8463,75.16,68,0,2.66,AU,1715192837
534,salalah,17.0151,54.0924,86.09,84,75,6.91,OM,1715192837
535,st. john's,47.5649,-52.7093,43.29,91,100,18.41,CA,1715192837
536,horta,38.5333,-28.6333,66.02,78,40,17.27,PT,1715192838
537,okunoya,36.2833,140.4167,52.11,87,75,8.05,JP,1715192838
538,matamba,-8.9833,33.9667,54.9,92,96,5.1,TZ,1715192838
539,lata,40.1629,-8.3327,81.48,36,52,1.9,PT,1715192838
540,severo-yeniseyskiy,60.3725,93.0408,34.57,98,100,10.0,RU,1715192838
541,byron bay,-28.65,153.6167,61.72,82,93,6.8,AU,1715192659
542,tucupita,9.0622,-62.051,97.77,40,84,7.63,VE,1715192838
543,sittwe,20.15,92.9,83.17,70,94,10.11,MM,1715192838
544,dolores,-36.3132,-57.6792,60.04,69,100,23.04,AR,1715192839
545,machico,32.7,-16.7667,73.71,83,40,6.91,PT,1715192839
546,zeya,53.75,127.2667,39.49,59,55,18.57,RU,1715192839
547,fuglafjordur,62.244,-6.814,48.67,98,100,6.35,FO,1715192839
548,wangjing,24.6,94.0333,68.36,82,100,1.45,IN,1715192839
549,hami,42.8,93.45,71.94,28,78,9.8,CN,1715192839
550,nuku'alofa,-21.1333,-175.2,77.34,69,75,8.05,TO,1715192839
551,mar del plata,-38.0023,-57.5575,60.1,79,75,23.02,AR,1715192714
552,uttoxeter,52.8984,-1.8649,67.89,81,96,7.31,GB,1715192839
553,protaras,35.0125,34.0583,69.98,89,14,1.99,CY,1715192839
554,urangan,-25.3,152.9,70.3,82,49,18.12,AU,1715192840
555,les cayes,18.2,-73.75,85.87,67,36,11.63,HT,1715192840
556,holly springs,35.6513,-78.8336,89.1,65,63,4.0,US,1715192840
557,chos malal,-37.3781,-70.2709,47.12,27,1,8.55,AR,1715192840
558,maputo,-25.9653,32.5892,74.88,83,20,5.75,MZ,1715192614
559,nadym,65.5333,72.5167,14.97,96,31,7.2,RU,1715192693
560,weligama,5.9667,80.4167,79.59,87,100,5.3,LK,1715192840
561,mexico,15.0646,120.7198,83.91,75,85,4.47,PH,1715192840
562,dombarovskiy,50.7587,59.5386,59.0,78,54,25.99,RU,1715192840
563,manta,-0.95,-80.7333,83.98,74,75,8.05,EC,1715192840
564,khabary,53.6259,79.5345,53.46,54,34,5.17,RU,1715192841
565,najaf,31.9985,44.3398,78.58,21,1,5.75,IQ,1715192841
566,mugia,43.1041,-9.2179,68.92,79,56,9.42,ES,1715192841
567,minot air force base,48.4209,-101.3391,56.98,81,100,26.46,US,1715192841
568,pariaman,-0.619,100.12,80.65,83,98,4.52,ID,1715192841
569,shache,38.4167,77.2406,75.02,16,50,4.72,CN,1715192841
570,nar'yan-mar,67.6713,53.087,23.11,88,99,15.99,RU,1715192841
571,haimen,23.1935,116.6142,71.49,73,74,14.52,CN,1715192841
572,joao pinheiro,-17.7425,-46.1725,83.66,38,0,5.44,BR,1715192841
573,chepo,9.1667,-79.1,87.76,68,96,2.33,PA,1715192841
574,gowurdak,37.8124,66.0466,83.37,31,25,6.33,TM,1715192842
575,meadow lakes,61.6247,-149.6011,49.41,51,0,4.61,US,1715192842
576,champerico,14.3,-91.9167,95.54,62,71,11.03,GT,1715192842
